"gene_id","baseMean","log2FoldChange","lfcSE","stat","pvalue","padj","comparison"
"CAETHG_RS13830",39.7693456972374,2.0016754979569,0.354312536047669,5.64946281688321,1.60949993206058e-08,1.62559493138119e-06,"UT2_D1_Cotox vs UT2_D1nonSS"
"CAETHG_RS12000",36.5996075038973,1.19677342638607,0.219728378169786,5.44660383130536,5.13406384136083e-08,2.59270223988722e-06,"UT2_D1_Cotox vs UT2_D1nonSS"
"CAETHG_RS11385",50.046548049297,3.18507043541663,0.765787686028217,4.15920821596923,3.19352687570057e-05,0.000806365536114394,"UT2_D1_Cotox vs UT2_D1nonSS"
